Info_window_seq,feat_Perc_A,feat_Perc_C,feat_Perc_D,feat_Perc_E,feat_Perc_F,feat_Perc_G,feat_Perc_H,feat_Perc_I,feat_Perc_K,feat_Perc_L,feat_Perc_M,feat_Perc_N,feat_Perc_P,feat_Perc_Q,feat_Perc_R,feat_Perc_S,feat_Perc_T,feat_Perc_V,feat_Perc_W,feat_Perc_Y
CCAKATARRRS,27.27272727272727,18.181818181818183,0.0,0.0,0,0.0,0.0,0.0,9.090909090909092,0.0,0,0,0,0,27.27272727272727,9.090909090909092,9.090909090909092,0.0,0,0
LLLLLLLLDVHIESG,0.0,0.0,6.666666666666667,6.666666666666667,0,6.666666666666667,6.666666666666667,6.666666666666667,0.0,53.333333333333336,0,0,0,0,0.0,6.666666666666667,0.0,6.666666666666667,0,0
